[{"model": "rate.customer", "pk": 1, "fields": {"customer_name": "CONFIG MASTER - DON'T CHANGE", "customer_key": "ABCD1234", "end_date": "2001-01-01", "domain": "TCS", "creation_date": "2023-04-07T09:04:34.085Z", "last_update_date": "2023-04-15T15:35:05.140Z"}}, {"model": "rate.customer", "pk": 3, "fields": {"customer_name": "CP Kelco", "customer_key": "PBPQEcwKbzYdVWWN", "end_date": null, "domain": "CPK", "creation_date": "2023-04-07T09:04:34.085Z", "last_update_date": "2023-04-07T09:04:34.085Z"}}, {"model": "rate.currency", "pk": 1, "fields": {"currency_code": "AED"}}, {"model": "rate.currency", "pk": 2, "fields": {"currency_code": "ALL"}}, {"model": "rate.currency", "pk": 3, "fields": {"currency_code": "AMD"}}, {"model": "rate.currency", "pk": 4, "fields": {"currency_code": "AOA"}}, {"model": "rate.currency", "pk": 5, "fields": {"currency_code": "ARS"}}, {"model": "rate.currency", "pk": 6, "fields": {"currency_code": "AUD"}}, {"model": "rate.currency", "pk": 7, "fields": {"currency_code": "AZN"}}, {"model": "rate.currency", "pk": 8, "fields": {"currency_code": "BAM"}}, {"model": "rate.currency", "pk": 9, "fields": {"currency_code": "BBD"}}, {"model": "rate.currency", "pk": 10, "fields": {"currency_code": "BGN"}}, {"model": "rate.currency", "pk": 11, "fields": {"currency_code": "BHD"}}, {"model": "rate.currency", "pk": 12, "fields": {"currency_code": "BMD"}}, {"model": "rate.currency", "pk": 13, "fields": {"currency_code": "BOB"}}, {"model": "rate.currency", "pk": 14, "fields": {"currency_code": "BRL"}}, {"model": "rate.currency", "pk": 15, "fields": {"currency_code": "BWP"}}, {"model": "rate.currency", "pk": 16, "fields": {"currency_code": "BYN"}}, {"model": "rate.currency", "pk": 17, "fields": {"currency_code": "CAD"}}, {"model": "rate.currency", "pk": 18, "fields": {"currency_code": "CDF"}}, {"model": "rate.currency", "pk": 19, "fields": {"currency_code": "CHF"}}, {"model": "rate.currency", "pk": 20, "fields": {"currency_code": "CLP"}}, {"model": "rate.currency", "pk": 21, "fields": {"currency_code": "CNY"}}, {"model": "rate.currency", "pk": 22, "fields": {"currency_code": "COP"}}, {"model": "rate.currency", "pk": 23, "fields": {"currency_code": "CRC"}}, {"model": "rate.currency", "pk": 24, "fields": {"currency_code": "CVE"}}, {"model": "rate.currency", "pk": 25, "fields": {"currency_code": "CZK"}}, {"model": "rate.currency", "pk": 26, "fields": {"currency_code": "DKK"}}, {"model": "rate.currency", "pk": 27, "fields": {"currency_code": "DOP"}}, {"model": "rate.currency", "pk": 28, "fields": {"currency_code": "DZD"}}, {"model": "rate.currency", "pk": 29, "fields": {"currency_code": "EGP"}}, {"model": "rate.currency", "pk": 30, "fields": {"currency_code": "ETB"}}, {"model": "rate.currency", "pk": 31, "fields": {"currency_code": "EUR"}}, {"model": "rate.currency", "pk": 32, "fields": {"currency_code": "FJD"}}, {"model": "rate.currency", "pk": 33, "fields": {"currency_code": "GBP"}}, {"model": "rate.currency", "pk": 34, "fields": {"currency_code": "GEL"}}, {"model": "rate.currency", "pk": 35, "fields": {"currency_code": "GHS"}}, {"model": "rate.currency", "pk": 36, "fields": {"currency_code": "GIP"}}, {"model": "rate.currency", "pk": 37, "fields": {"currency_code": "GTQ"}}, {"model": "rate.currency", "pk": 38, "fields": {"currency_code": "GYD"}}, {"model": "rate.currency", "pk": 39, "fields": {"currency_code": "HKD"}}, {"model": "rate.currency", "pk": 40, "fields": {"currency_code": "HNL"}}, {"model": "rate.currency", "pk": 41, "fields": {"currency_code": "HRK"}}, {"model": "rate.currency", "pk": 42, "fields": {"currency_code": "HUF"}}, {"model": "rate.currency", "pk": 43, "fields": {"currency_code": "IDR"}}, {"model": "rate.currency", "pk": 44, "fields": {"currency_code": "ILS"}}, {"model": "rate.currency", "pk": 45, "fields": {"currency_code": "IMP"}}, {"model": "rate.currency", "pk": 46, "fields": {"currency_code": "INR"}}, {"model": "rate.currency", "pk": 47, "fields": {"currency_code": "IQD"}}, {"model": "rate.currency", "pk": 48, "fields": {"currency_code": "ISK"}}, {"model": "rate.currency", "pk": 49, "fields": {"currency_code": "JMD"}}, {"model": "rate.currency", "pk": 50, "fields": {"currency_code": "JOD"}}, {"model": "rate.currency", "pk": 51, "fields": {"currency_code": "JPY"}}, {"model": "rate.currency", "pk": 52, "fields": {"currency_code": "KES"}}, {"model": "rate.currency", "pk": 53, "fields": {"currency_code": "KGS"}}, {"model": "rate.currency", "pk": 54, "fields": {"currency_code": "KHR"}}, {"model": "rate.currency", "pk": 55, "fields": {"currency_code": "KRW"}}, {"model": "rate.currency", "pk": 56, "fields": {"currency_code": "KWD"}}, {"model": "rate.currency", "pk": 57, "fields": {"currency_code": "KYD"}}, {"model": "rate.currency", "pk": 58, "fields": {"currency_code": "KZT"}}, {"model": "rate.currency", "pk": 59, "fields": {"currency_code": "LAK"}}, {"model": "rate.currency", "pk": 60, "fields": {"currency_code": "LBP"}}, {"model": "rate.currency", "pk": 61, "fields": {"currency_code": "LKR"}}, {"model": "rate.currency", "pk": 62, "fields": {"currency_code": "LYD"}}, {"model": "rate.currency", "pk": 63, "fields": {"currency_code": "MAD"}}, {"model": "rate.currency", "pk": 64, "fields": {"currency_code": "MDL"}}, {"model": "rate.currency", "pk": 65, "fields": {"currency_code": "MGA"}}, {"model": "rate.currency", "pk": 66, "fields": {"currency_code": "MKD"}}, {"model": "rate.currency", "pk": 67, "fields": {"currency_code": "MMK"}}, {"model": "rate.currency", "pk": 68, "fields": {"currency_code": "MNT"}}, {"model": "rate.currency", "pk": 69, "fields": {"currency_code": "MOP"}}, {"model": "rate.currency", "pk": 70, "fields": {"currency_code": "MRU"}}, {"model": "rate.currency", "pk": 71, "fields": {"currency_code": "MUR"}}, {"model": "rate.currency", "pk": 72, "fields": {"currency_code": "MVR"}}, {"model": "rate.currency", "pk": 73, "fields": {"currency_code": "MWK"}}, {"model": "rate.currency", "pk": 74, "fields": {"currency_code": "MXN"}}, {"model": "rate.currency", "pk": 75, "fields": {"currency_code": "MYR"}}, {"model": "rate.currency", "pk": 76, "fields": {"currency_code": "MZN"}}, {"model": "rate.currency", "pk": 77, "fields": {"currency_code": "NAD"}}, {"model": "rate.currency", "pk": 78, "fields": {"currency_code": "NGN"}}, {"model": "rate.currency", "pk": 79, "fields": {"currency_code": "NIO"}}, {"model": "rate.currency", "pk": 80, "fields": {"currency_code": "NOK"}}, {"model": "rate.currency", "pk": 81, "fields": {"currency_code": "NZD"}}, {"model": "rate.currency", "pk": 82, "fields": {"currency_code": "OMR"}}, {"model": "rate.currency", "pk": 83, "fields": {"currency_code": "PAB"}}, {"model": "rate.currency", "pk": 84, "fields": {"currency_code": "PEN"}}, {"model": "rate.currency", "pk": 85, "fields": {"currency_code": "PGK"}}, {"model": "rate.currency", "pk": 86, "fields": {"currency_code": "PHP"}}, {"model": "rate.currency", "pk": 87, "fields": {"currency_code": "PKR"}}, {"model": "rate.currency", "pk": 88, "fields": {"currency_code": "PLN"}}, {"model": "rate.currency", "pk": 89, "fields": {"currency_code": "PYG"}}, {"model": "rate.currency", "pk": 90, "fields": {"currency_code": "QAR"}}, {"model": "rate.currency", "pk": 91, "fields": {"currency_code": "RON"}}, {"model": "rate.currency", "pk": 92, "fields": {"currency_code": "RSD"}}, {"model": "rate.currency", "pk": 93, "fields": {"currency_code": "RUB"}}, {"model": "rate.currency", "pk": 94, "fields": {"currency_code": "RWF"}}, {"model": "rate.currency", "pk": 95, "fields": {"currency_code": "SAR"}}, {"model": "rate.currency", "pk": 96, "fields": {"currency_code": "SEK"}}, {"model": "rate.currency", "pk": 97, "fields": {"currency_code": "SGD"}}, {"model": "rate.currency", "pk": 98, "fields": {"currency_code": "SZL"}}, {"model": "rate.currency", "pk": 99, "fields": {"currency_code": "THB"}}, {"model": "rate.currency", "pk": 100, "fields": {"currency_code": "TJS"}}, {"model": "rate.currency", "pk": 101, "fields": {"currency_code": "TMT"}}, {"model": "rate.currency", "pk": 102, "fields": {"currency_code": "TND"}}, {"model": "rate.currency", "pk": 103, "fields": {"currency_code": "TRY"}}, {"model": "rate.currency", "pk": 104, "fields": {"currency_code": "TTD"}}, {"model": "rate.currency", "pk": 105, "fields": {"currency_code": "TWD"}}, {"model": "rate.currency", "pk": 106, "fields": {"currency_code": "TZS"}}, {"model": "rate.currency", "pk": 107, "fields": {"currency_code": "UAH"}}, {"model": "rate.currency", "pk": 108, "fields": {"currency_code": "UGX"}}, {"model": "rate.currency", "pk": 109, "fields": {"currency_code": "USD"}}, {"model": "rate.currency", "pk": 110, "fields": {"currency_code": "UYU"}}, {"model": "rate.currency", "pk": 111, "fields": {"currency_code": "UZS"}}, {"model": "rate.currency", "pk": 112, "fields": {"currency_code": "VEF"}}, {"model": "rate.currency", "pk": 113, "fields": {"currency_code": "VND"}}, {"model": "rate.currency", "pk": 114, "fields": {"currency_code": "XAF"}}, {"model": "rate.currency", "pk": 115, "fields": {"currency_code": "XCD"}}, {"model": "rate.currency", "pk": 116, "fields": {"currency_code": "XOF"}}, {"model": "rate.currency", "pk": 117, "fields": {"currency_code": "ZAR"}}, {"model": "rate.currency", "pk": 118, "fields": {"currency_code": "ZMW"}}, {"model": "rate.currency", "pk": 119, "fields": {"currency_code": "ZWD"}}, {"model": "rate.currency", "pk": 201, "fields": {"currency_code": "XXX"}}, {"model": "rate.ratetype", "pk": 1, "fields": {"customer": 1, "rate_type_name": "FCL", "description": "Full Container Load", "end_date": null, "creation_date": "2023-04-07T09:13:33.639Z", "last_update_date": "2023-04-14T09:53:27.555Z"}}, {"model": "rate.ratetype", "pk": 2, "fields": {"customer": 1, "rate_type_name": "AIR", "description": "Air", "end_date": null, "creation_date": "2023-04-11T13:57:52.968Z", "last_update_date": "2023-04-14T09:53:13.306Z"}}, {"model": "rate.ratetype", "pk": 3, "fields": {"customer": 1, "rate_type_name": "LCL", "description": "Less than Container Load", "end_date": null, "creation_date": "2023-04-11T13:58:07.139Z", "last_update_date": "2023-04-14T09:54:07.500Z"}}, {"model": "rate.ratetype", "pk": 4, "fields": {"customer": 1, "rate_type_name": "LTL", "description": "Less Than Truckload", "end_date": null, "creation_date": "2023-04-11T13:58:41.470Z", "last_update_date": "2023-04-14T09:54:38.534Z"}}, {"model": "rate.ratetype", "pk": 5, "fields": {"customer": 1, "rate_type_name": "TL", "description": "Truckload", "end_date": null, "creation_date": "2023-04-11T13:58:45.158Z", "last_update_date": "2023-04-14T09:54:34.345Z"}}, {"model": "rate.ratetype", "pk": 6, "fields": {"customer": 3, "rate_type_name": "FCL", "description": "Full Container Load", "end_date": null, "creation_date": "2023-04-16T09:48:52.877Z", "last_update_date": "2023-04-16T09:48:52.877Z"}}, {"model": "rate.ratetype", "pk": 7, "fields": {"customer": 3, "rate_type_name": "AIR", "description": "Air", "end_date": null, "creation_date": "2023-04-16T09:48:54.407Z", "last_update_date": "2023-04-16T09:48:54.407Z"}}, {"model": "rate.ratetype", "pk": 8, "fields": {"customer": 3, "rate_type_name": "LCL", "description": "Less than Container Load", "end_date": null, "creation_date": "2023-04-16T09:48:55.954Z", "last_update_date": "2023-04-16T09:48:55.954Z"}}, {"model": "rate.ratetype", "pk": 9, "fields": {"customer": 3, "rate_type_name": "LTL", "description": "Less Than Truckload", "end_date": null, "creation_date": "2023-04-16T09:48:57.650Z", "last_update_date": "2023-04-16T09:48:57.650Z"}}, {"model": "rate.ratetype", "pk": 10, "fields": {"customer": 3, "rate_type_name": "TL", "description": "Truckload", "end_date": null, "creation_date": "2023-04-16T09:48:57.719Z", "last_update_date": "2023-04-16T09:48:57.719Z"}}, {"model": "rate.templatestaticcolumn", "pk": 1, "fields": {"customer": 1, "rate_type": 1, "template_column_name": "Service Provider", "master_column_name": "Service Provider", "enterable": "Y", "required": "Y", "default_value": "", "enabled": "Y", "include_in_template": "Y", "position": 100, "creation_date": "2023-04-07T09:30:34.508Z", "last_update_date": "2023-04-14T08:19:21.951Z"}}, {"model": "rate.templatestaticcolumn", "pk": 2, "fields": {"customer": 1, "rate_type": 1, "template_column_name": "Currency", "master_column_name": "Currency", "enterable": "Y", "required": "Y", "default_value": "USD", "enabled": "Y", "include_in_template": "Y", "position": 1000, "creation_date": "2023-04-07T09:31:08.055Z", "last_update_date": "2023-04-14T08:21:30.187Z"}}, {"model": "rate.templatestaticcolumn", "pk": 3, "fields": {"customer": 1, "rate_type": 1, "template_column_name": "Equipment", "master_column_name": "Equipment", "enterable": "Y", "required": "N", "default_value": "", "enabled": "Y", "include_in_template": "Y", "position": 300, "creation_date": "2023-04-07T09:31:54.304Z", "last_update_date": "2023-04-14T08:20:53.136Z"}}, {"model": "rate.templatestaticcolumn", "pk": 4, "fields": {"customer": 1, "rate_type": 1, "template_column_name": "Existing Contract", "master_column_name": "Existing Contract", "enterable": "Y", "required": "N", "default_value": "", "enabled": "Y", "include_in_template": "N", "position": 600, "creation_date": "2023-04-07T09:34:07.579Z", "last_update_date": "2023-04-14T06:05:50.993Z"}}, {"model": "rate.templatestaticcolumn", "pk": 5, "fields": {"customer": 1, "rate_type": 1, "template_column_name": "Contract Name", "master_column_name": "Contract Name", "enterable": "Y", "required": "N", "default_value": "", "enabled": "Y", "include_in_template": "Y", "position": 700, "creation_date": "2023-04-07T09:34:39.768Z", "last_update_date": "2023-04-14T06:06:31.721Z"}}, {"model": "rate.templatestaticcolumn", "pk": 6, "fields": {"customer": 1, "rate_type": 1, "template_column_name": "Start Date", "master_column_name": "Start Date", "enterable": "Y", "required": "N", "default_value": "", "enabled": "Y", "include_in_template": "Y", "position": 800, "creation_date": "2023-04-07T09:34:59.082Z", "last_update_date": "2023-04-14T06:06:39.807Z"}}, {"model": "rate.templatestaticcolumn", "pk": 7, "fields": {"customer": 1, "rate_type": 1, "template_column_name": "End Date", "master_column_name": "End Date", "enterable": "Y", "required": "N", "default_value": "", "enabled": "Y", "include_in_template": "Y", "position": 900, "creation_date": "2023-04-07T09:35:17.732Z", "last_update_date": "2023-04-14T06:06:48.487Z"}}, {"model": "rate.templatestaticcolumn", "pk": 8, "fields": {"customer": 1, "rate_type": 1, "template_column_name": "Charge Amount", "master_column_name": "Charge Amount", "enterable": "N", "required": "N", "default_value": "", "enabled": "Y", "include_in_template": "Y", "position": 1300, "creation_date": "2023-04-14T05:24:44.590Z", "last_update_date": "2023-04-14T08:24:20.735Z"}}, {"model": "rate.templatestaticcolumn", "pk": 9, "fields": {"customer": 1, "rate_type": 1, "template_column_name": "Version", "master_column_name": "Version", "enterable": "N", "required": "N", "default_value": "", "enabled": "Y", "include_in_template": "Y", "position": 200, "creation_date": "2023-04-14T08:20:14.900Z", "last_update_date": "2023-04-14T08:20:59.246Z"}}, {"model": "rate.templatestaticcolumn", "pk": 10, "fields": {"customer": 1, "rate_type": 1, "template_column_name": "Service Time Value", "master_column_name": "Service Time Value", "enterable": "N", "required": "N", "default_value": "", "enabled": "Y", "include_in_template": "Y", "position": 1100, "creation_date": "2023-04-14T08:23:17.462Z", "last_update_date": "2023-04-14T08:23:17.462Z"}}, {"model": "rate.templatestaticcolumn", "pk": 11, "fields": {"customer": 1, "rate_type": 1, "template_column_name": "Min Charge", "master_column_name": "Min Charge", "enterable": "N", "required": "N", "default_value": "", "enabled": "Y", "include_in_template": "Y", "position": 1200, "creation_date": "2023-04-14T08:23:43.085Z", "last_update_date": "2023-04-14T08:23:43.085Z"}}, {"model": "rate.templatestaticcolumn", "pk": 12, "fields": {"customer": 1, "rate_type": 1, "template_column_name": "Charge Basis", "master_column_name": "Charge Basis", "enterable": "N", "required": "N", "default_value": "", "enabled": "Y", "include_in_template": "Y", "position": 1400, "creation_date": "2023-04-14T08:24:10.703Z", "last_update_date": "2023-04-14T08:24:10.703Z"}}, {"model": "rate.templatestaticcolumn", "pk": 13, "fields": {"customer": 1, "rate_type": 2, "template_column_name": "Service Provider", "master_column_name": "Service Provider", "enterable": "Y", "required": "Y", "default_value": "", "enabled": "Y", "include_in_template": "Y", "position": 100, "creation_date": "2023-04-07T09:30:34.508Z", "last_update_date": "2023-04-14T08:19:21.951Z"}}, {"model": "rate.templatestaticcolumn", "pk": 14, "fields": {"customer": 1, "rate_type": 2, "template_column_name": "Currency", "master_column_name": "Currency", "enterable": "Y", "required": "Y", "default_value": "USD", "enabled": "Y", "include_in_template": "Y", "position": 1000, "creation_date": "2023-04-07T09:31:08.055Z", "last_update_date": "2023-04-14T08:21:30.187Z"}}, {"model": "rate.templatestaticcolumn", "pk": 15, "fields": {"customer": 1, "rate_type": 2, "template_column_name": "Equipment", "master_column_name": "Equipment", "enterable": "Y", "required": "N", "default_value": "", "enabled": "Y", "include_in_template": "Y", "position": 300, "creation_date": "2023-04-07T09:31:54.304Z", "last_update_date": "2023-04-14T08:20:53.136Z"}}, {"model": "rate.templatestaticcolumn", "pk": 16, "fields": {"customer": 1, "rate_type": 2, "template_column_name": "Existing Contract", "master_column_name": "Existing Contract", "enterable": "Y", "required": "N", "default_value": "", "enabled": "Y", "include_in_template": "N", "position": 600, "creation_date": "2023-04-07T09:34:07.579Z", "last_update_date": "2023-04-14T06:05:50.993Z"}}, {"model": "rate.templatestaticcolumn", "pk": 17, "fields": {"customer": 1, "rate_type": 2, "template_column_name": "Contract Name", "master_column_name": "Contract Name", "enterable": "Y", "required": "N", "default_value": "", "enabled": "Y", "include_in_template": "Y", "position": 700, "creation_date": "2023-04-07T09:34:39.768Z", "last_update_date": "2023-04-14T06:06:31.721Z"}}, {"model": "rate.templatestaticcolumn", "pk": 18, "fields": {"customer": 1, "rate_type": 2, "template_column_name": "Start Date", "master_column_name": "Start Date", "enterable": "Y", "required": "N", "default_value": "", "enabled": "Y", "include_in_template": "Y", "position": 800, "creation_date": "2023-04-07T09:34:59.082Z", "last_update_date": "2023-04-14T06:06:39.807Z"}}, {"model": "rate.templatestaticcolumn", "pk": 19, "fields": {"customer": 1, "rate_type": 2, "template_column_name": "End Date", "master_column_name": "End Date", "enterable": "Y", "required": "N", "default_value": "", "enabled": "Y", "include_in_template": "Y", "position": 900, "creation_date": "2023-04-07T09:35:17.732Z", "last_update_date": "2023-04-14T06:06:48.487Z"}}, {"model": "rate.templatestaticcolumn", "pk": 20, "fields": {"customer": 1, "rate_type": 2, "template_column_name": "Charge Amount", "master_column_name": "Charge Amount", "enterable": "N", "required": "N", "default_value": "", "enabled": "Y", "include_in_template": "Y", "position": 1300, "creation_date": "2023-04-14T05:24:44.590Z", "last_update_date": "2023-04-14T08:24:20.735Z"}}, {"model": "rate.templatestaticcolumn", "pk": 21, "fields": {"customer": 1, "rate_type": 2, "template_column_name": "Version", "master_column_name": "Version", "enterable": "N", "required": "N", "default_value": "", "enabled": "Y", "include_in_template": "Y", "position": 200, "creation_date": "2023-04-14T08:20:14.900Z", "last_update_date": "2023-04-14T08:20:59.246Z"}}, {"model": "rate.templatestaticcolumn", "pk": 22, "fields": {"customer": 1, "rate_type": 2, "template_column_name": "Service Time Value", "master_column_name": "Service Time Value", "enterable": "N", "required": "N", "default_value": "", "enabled": "Y", "include_in_template": "Y", "position": 1100, "creation_date": "2023-04-14T08:23:17.462Z", "last_update_date": "2023-04-14T08:23:17.462Z"}}, {"model": "rate.templatestaticcolumn", "pk": 23, "fields": {"customer": 1, "rate_type": 2, "template_column_name": "Min Charge", "master_column_name": "Min Charge", "enterable": "N", "required": "N", "default_value": "", "enabled": "Y", "include_in_template": "Y", "position": 1200, "creation_date": "2023-04-14T08:23:43.085Z", "last_update_date": "2023-04-14T08:23:43.085Z"}}, {"model": "rate.templatestaticcolumn", "pk": 24, "fields": {"customer": 1, "rate_type": 2, "template_column_name": "Charge Basis", "master_column_name": "Charge Basis", "enterable": "N", "required": "N", "default_value": "", "enabled": "Y", "include_in_template": "Y", "position": 1400, "creation_date": "2023-04-14T08:24:10.703Z", "last_update_date": "2023-04-14T08:24:10.703Z"}}, {"model": "rate.templatestaticcolumn", "pk": 25, "fields": {"customer": 1, "rate_type": 3, "template_column_name": "Service Provider", "master_column_name": "Service Provider", "enterable": "Y", "required": "Y", "default_value": "", "enabled": "Y", "include_in_template": "Y", "position": 100, "creation_date": "2023-04-07T09:30:34.508Z", "last_update_date": "2023-04-14T08:19:21.951Z"}}, {"model": "rate.templatestaticcolumn", "pk": 26, "fields": {"customer": 1, "rate_type": 3, "template_column_name": "Currency", "master_column_name": "Currency", "enterable": "Y", "required": "Y", "default_value": "USD", "enabled": "Y", "include_in_template": "Y", "position": 1000, "creation_date": "2023-04-07T09:31:08.055Z", "last_update_date": "2023-04-14T08:21:30.187Z"}}, {"model": "rate.templatestaticcolumn", "pk": 27, "fields": {"customer": 1, "rate_type": 3, "template_column_name": "Equipment", "master_column_name": "Equipment", "enterable": "Y", "required": "N", "default_value": "", "enabled": "Y", "include_in_template": "Y", "position": 300, "creation_date": "2023-04-07T09:31:54.304Z", "last_update_date": "2023-04-14T08:20:53.136Z"}}, {"model": "rate.templatestaticcolumn", "pk": 28, "fields": {"customer": 1, "rate_type": 3, "template_column_name": "Existing Contract", "master_column_name": "Existing Contract", "enterable": "Y", "required": "N", "default_value": "", "enabled": "Y", "include_in_template": "N", "position": 600, "creation_date": "2023-04-07T09:34:07.579Z", "last_update_date": "2023-04-14T06:05:50.993Z"}}, {"model": "rate.templatestaticcolumn", "pk": 29, "fields": {"customer": 1, "rate_type": 3, "template_column_name": "Contract Name", "master_column_name": "Contract Name", "enterable": "Y", "required": "N", "default_value": "", "enabled": "Y", "include_in_template": "Y", "position": 700, "creation_date": "2023-04-07T09:34:39.768Z", "last_update_date": "2023-04-14T06:06:31.721Z"}}, {"model": "rate.templatestaticcolumn", "pk": 30, "fields": {"customer": 1, "rate_type": 3, "template_column_name": "Start Date", "master_column_name": "Start Date", "enterable": "Y", "required": "N", "default_value": "", "enabled": "Y", "include_in_template": "Y", "position": 800, "creation_date": "2023-04-07T09:34:59.082Z", "last_update_date": "2023-04-14T06:06:39.807Z"}}, {"model": "rate.templatestaticcolumn", "pk": 31, "fields": {"customer": 1, "rate_type": 3, "template_column_name": "End Date", "master_column_name": "End Date", "enterable": "Y", "required": "N", "default_value": "", "enabled": "Y", "include_in_template": "Y", "position": 900, "creation_date": "2023-04-07T09:35:17.732Z", "last_update_date": "2023-04-14T06:06:48.487Z"}}, {"model": "rate.templatestaticcolumn", "pk": 32, "fields": {"customer": 1, "rate_type": 3, "template_column_name": "Charge Amount", "master_column_name": "Charge Amount", "enterable": "N", "required": "N", "default_value": "", "enabled": "Y", "include_in_template": "Y", "position": 1500, "creation_date": "2023-04-14T05:24:44.590Z", "last_update_date": "2023-04-14T08:24:20.735Z"}}, {"model": "rate.templatestaticcolumn", "pk": 33, "fields": {"customer": 1, "rate_type": 3, "template_column_name": "Version", "master_column_name": "Version", "enterable": "N", "required": "N", "default_value": "", "enabled": "Y", "include_in_template": "Y", "position": 200, "creation_date": "2023-04-14T08:20:14.900Z", "last_update_date": "2023-04-14T08:20:59.246Z"}}, {"model": "rate.templatestaticcolumn", "pk": 34, "fields": {"customer": 1, "rate_type": 3, "template_column_name": "Service Time Value", "master_column_name": "Service Time Value", "enterable": "N", "required": "N", "default_value": "", "enabled": "Y", "include_in_template": "Y", "position": 1100, "creation_date": "2023-04-14T08:23:17.462Z", "last_update_date": "2023-04-14T08:23:17.462Z"}}, {"model": "rate.templatestaticcolumn", "pk": 35, "fields": {"customer": 1, "rate_type": 3, "template_column_name": "Min Charge", "master_column_name": "Min Charge", "enterable": "N", "required": "N", "default_value": "", "enabled": "Y", "include_in_template": "Y", "position": 1200, "creation_date": "2023-04-14T08:23:43.085Z", "last_update_date": "2023-04-14T08:23:43.085Z"}}, {"model": "rate.templatestaticcolumn", "pk": 36, "fields": {"customer": 1, "rate_type": 3, "template_column_name": "Charge Basis", "master_column_name": "Charge Basis", "enterable": "N", "required": "N", "default_value": "", "enabled": "Y", "include_in_template": "Y", "position": 1600, "creation_date": "2023-04-14T08:24:10.703Z", "last_update_date": "2023-04-14T08:24:10.703Z"}}, {"model": "rate.templatestaticcolumn", "pk": 37, "fields": {"customer": 1, "rate_type": 3, "template_column_name": "Volume UOM", "master_column_name": "Volume UOM", "enterable": "Y", "required": "N", "default_value": "", "enabled": "Y", "include_in_template": "Y", "position": 1300, "creation_date": "2023-04-14T05:24:44.590Z", "last_update_date": "2023-04-14T08:24:20.735Z"}}, {"model": "rate.templatestaticcolumn", "pk": 38, "fields": {"customer": 1, "rate_type": 3, "template_column_name": "Volume", "master_column_name": "Volume", "enterable": "N", "required": "N", "default_value": "", "enabled": "Y", "include_in_template": "Y", "position": 1400, "creation_date": "2023-04-14T05:24:44.590Z", "last_update_date": "2023-04-14T08:24:20.735Z"}}, {"model": "rate.templatestaticcolumn", "pk": 39, "fields": {"customer": 3, "rate_type": 6, "template_column_name": "Charge Amount", "master_column_name": "Charge Amount", "enterable": "N", "required": "N", "default_value": "", "enabled": "Y", "include_in_template": "Y", "position": 1300, "creation_date": "2023-04-16T09:48:52.934Z", "last_update_date": "2023-04-16T09:48:52.934Z"}}, {"model": "rate.templatestaticcolumn", "pk": 40, "fields": {"customer": 3, "rate_type": 6, "template_column_name": "Charge Basis", "master_column_name": "Charge Basis", "enterable": "N", "required": "N", "default_value": "", "enabled": "Y", "include_in_template": "Y", "position": 1400, "creation_date": "2023-04-16T09:48:52.987Z", "last_update_date": "2023-04-16T09:48:52.987Z"}}, {"model": "rate.templatestaticcolumn", "pk": 41, "fields": {"customer": 3, "rate_type": 6, "template_column_name": "Contract Name", "master_column_name": "Contract Name", "enterable": "Y", "required": "N", "default_value": "", "enabled": "Y", "include_in_template": "Y", "position": 700, "creation_date": "2023-04-16T09:48:53.049Z", "last_update_date": "2023-04-16T09:48:53.049Z"}}, {"model": "rate.templatestaticcolumn", "pk": 42, "fields": {"customer": 3, "rate_type": 6, "template_column_name": "Currency", "master_column_name": "Currency", "enterable": "Y", "required": "Y", "default_value": "USD", "enabled": "Y", "include_in_template": "Y", "position": 1000, "creation_date": "2023-04-16T09:48:53.100Z", "last_update_date": "2023-04-16T09:48:53.100Z"}}, {"model": "rate.templatestaticcolumn", "pk": 43, "fields": {"customer": 3, "rate_type": 6, "template_column_name": "End Date", "master_column_name": "End Date", "enterable": "Y", "required": "N", "default_value": "", "enabled": "Y", "include_in_template": "Y", "position": 900, "creation_date": "2023-04-16T09:48:53.155Z", "last_update_date": "2023-04-16T09:48:53.155Z"}}, {"model": "rate.templatestaticcolumn", "pk": 44, "fields": {"customer": 3, "rate_type": 6, "template_column_name": "Equipment", "master_column_name": "Equipment", "enterable": "Y", "required": "N", "default_value": "", "enabled": "Y", "include_in_template": "Y", "position": 300, "creation_date": "2023-04-16T09:48:53.206Z", "last_update_date": "2023-04-16T09:48:53.206Z"}}, {"model": "rate.templatestaticcolumn", "pk": 45, "fields": {"customer": 3, "rate_type": 6, "template_column_name": "Existing Contract", "master_column_name": "Existing Contract", "enterable": "Y", "required": "N", "default_value": "", "enabled": "Y", "include_in_template": "N", "position": 600, "creation_date": "2023-04-16T09:48:53.254Z", "last_update_date": "2023-04-16T09:48:53.255Z"}}, {"model": "rate.templatestaticcolumn", "pk": 46, "fields": {"customer": 3, "rate_type": 6, "template_column_name": "Min Charge", "master_column_name": "Min Charge", "enterable": "N", "required": "N", "default_value": "", "enabled": "Y", "include_in_template": "Y", "position": 1200, "creation_date": "2023-04-16T09:48:53.306Z", "last_update_date": "2023-04-16T09:48:53.306Z"}}, {"model": "rate.templatestaticcolumn", "pk": 47, "fields": {"customer": 3, "rate_type": 6, "template_column_name": "Service Provider", "master_column_name": "Service Provider", "enterable": "Y", "required": "Y", "default_value": "", "enabled": "Y", "include_in_template": "Y", "position": 100, "creation_date": "2023-04-16T09:48:53.354Z", "last_update_date": "2023-04-16T09:48:53.354Z"}}, {"model": "rate.templatestaticcolumn", "pk": 48, "fields": {"customer": 3, "rate_type": 6, "template_column_name": "Service Time Value", "master_column_name": "Service Time Value", "enterable": "N", "required": "N", "default_value": "", "enabled": "Y", "include_in_template": "Y", "position": 1100, "creation_date": "2023-04-16T09:48:53.406Z", "last_update_date": "2023-04-16T09:48:53.406Z"}}, {"model": "rate.templatestaticcolumn", "pk": 49, "fields": {"customer": 3, "rate_type": 6, "template_column_name": "Start Date", "master_column_name": "Start Date", "enterable": "Y", "required": "N", "default_value": "", "enabled": "Y", "include_in_template": "Y", "position": 800, "creation_date": "2023-04-16T09:48:53.461Z", "last_update_date": "2023-04-16T09:48:53.461Z"}}, {"model": "rate.templatestaticcolumn", "pk": 50, "fields": {"customer": 3, "rate_type": 6, "template_column_name": "Version", "master_column_name": "Version", "enterable": "N", "required": "N", "default_value": "", "enabled": "Y", "include_in_template": "Y", "position": 200, "creation_date": "2023-04-16T09:48:53.529Z", "last_update_date": "2023-04-16T09:48:53.529Z"}}, {"model": "rate.templatestaticcolumn", "pk": 51, "fields": {"customer": 3, "rate_type": 7, "template_column_name": "Charge Amount", "master_column_name": "Charge Amount", "enterable": "N", "required": "N", "default_value": "", "enabled": "Y", "include_in_template": "Y", "position": 1300, "creation_date": "2023-04-16T09:48:54.466Z", "last_update_date": "2023-04-16T09:48:54.466Z"}}, {"model": "rate.templatestaticcolumn", "pk": 52, "fields": {"customer": 3, "rate_type": 7, "template_column_name": "Charge Basis", "master_column_name": "Charge Basis", "enterable": "N", "required": "N", "default_value": "", "enabled": "Y", "include_in_template": "Y", "position": 1400, "creation_date": "2023-04-16T09:48:54.513Z", "last_update_date": "2023-04-16T09:48:54.513Z"}}, {"model": "rate.templatestaticcolumn", "pk": 53, "fields": {"customer": 3, "rate_type": 7, "template_column_name": "Contract Name", "master_column_name": "Contract Name", "enterable": "Y", "required": "N", "default_value": "", "enabled": "Y", "include_in_template": "Y", "position": 700, "creation_date": "2023-04-16T09:48:54.570Z", "last_update_date": "2023-04-16T09:48:54.570Z"}}, {"model": "rate.templatestaticcolumn", "pk": 54, "fields": {"customer": 3, "rate_type": 7, "template_column_name": "Currency", "master_column_name": "Currency", "enterable": "Y", "required": "Y", "default_value": "USD", "enabled": "Y", "include_in_template": "Y", "position": 1000, "creation_date": "2023-04-16T09:48:54.630Z", "last_update_date": "2023-04-16T09:48:54.630Z"}}, {"model": "rate.templatestaticcolumn", "pk": 55, "fields": {"customer": 3, "rate_type": 7, "template_column_name": "End Date", "master_column_name": "End Date", "enterable": "Y", "required": "N", "default_value": "", "enabled": "Y", "include_in_template": "Y", "position": 900, "creation_date": "2023-04-16T09:48:54.678Z", "last_update_date": "2023-04-16T09:48:54.678Z"}}, {"model": "rate.templatestaticcolumn", "pk": 56, "fields": {"customer": 3, "rate_type": 7, "template_column_name": "Equipment", "master_column_name": "Equipment", "enterable": "Y", "required": "N", "default_value": "", "enabled": "Y", "include_in_template": "Y", "position": 300, "creation_date": "2023-04-16T09:48:54.731Z", "last_update_date": "2023-04-16T09:48:54.731Z"}}, {"model": "rate.templatestaticcolumn", "pk": 57, "fields": {"customer": 3, "rate_type": 7, "template_column_name": "Existing Contract", "master_column_name": "Existing Contract", "enterable": "Y", "required": "N", "default_value": "", "enabled": "Y", "include_in_template": "N", "position": 600, "creation_date": "2023-04-16T09:48:54.778Z", "last_update_date": "2023-04-16T09:48:54.778Z"}}, {"model": "rate.templatestaticcolumn", "pk": 58, "fields": {"customer": 3, "rate_type": 7, "template_column_name": "Min Charge", "master_column_name": "Min Charge", "enterable": "N", "required": "N", "default_value": "", "enabled": "Y", "include_in_template": "Y", "position": 1200, "creation_date": "2023-04-16T09:48:54.838Z", "last_update_date": "2023-04-16T09:48:54.838Z"}}, {"model": "rate.templatestaticcolumn", "pk": 59, "fields": {"customer": 3, "rate_type": 7, "template_column_name": "Service Provider", "master_column_name": "Service Provider", "enterable": "Y", "required": "Y", "default_value": "", "enabled": "Y", "include_in_template": "Y", "position": 100, "creation_date": "2023-04-16T09:48:54.889Z", "last_update_date": "2023-04-16T09:48:54.889Z"}}, {"model": "rate.templatestaticcolumn", "pk": 60, "fields": {"customer": 3, "rate_type": 7, "template_column_name": "Service Time Value", "master_column_name": "Service Time Value", "enterable": "N", "required": "N", "default_value": "", "enabled": "Y", "include_in_template": "Y", "position": 1100, "creation_date": "2023-04-16T09:48:54.946Z", "last_update_date": "2023-04-16T09:48:54.946Z"}}, {"model": "rate.templatestaticcolumn", "pk": 61, "fields": {"customer": 3, "rate_type": 7, "template_column_name": "Start Date", "master_column_name": "Start Date", "enterable": "Y", "required": "N", "default_value": "", "enabled": "Y", "include_in_template": "Y", "position": 800, "creation_date": "2023-04-16T09:48:54.997Z", "last_update_date": "2023-04-16T09:48:54.997Z"}}, {"model": "rate.templatestaticcolumn", "pk": 62, "fields": {"customer": 3, "rate_type": 7, "template_column_name": "Version", "master_column_name": "Version", "enterable": "N", "required": "N", "default_value": "", "enabled": "Y", "include_in_template": "Y", "position": 200, "creation_date": "2023-04-16T09:48:55.055Z", "last_update_date": "2023-04-16T09:48:55.055Z"}}, {"model": "rate.templatestaticcolumn", "pk": 63, "fields": {"customer": 3, "rate_type": 8, "template_column_name": "Charge Amount", "master_column_name": "Charge Amount", "enterable": "N", "required": "N", "default_value": "", "enabled": "Y", "include_in_template": "Y", "position": 1500, "creation_date": "2023-04-16T09:48:56.007Z", "last_update_date": "2023-04-16T09:48:56.007Z"}}, {"model": "rate.templatestaticcolumn", "pk": 64, "fields": {"customer": 3, "rate_type": 8, "template_column_name": "Charge Basis", "master_column_name": "Charge Basis", "enterable": "N", "required": "N", "default_value": "", "enabled": "Y", "include_in_template": "Y", "position": 1600, "creation_date": "2023-04-16T09:48:56.066Z", "last_update_date": "2023-04-16T09:48:56.066Z"}}, {"model": "rate.templatestaticcolumn", "pk": 65, "fields": {"customer": 3, "rate_type": 8, "template_column_name": "Contract Name", "master_column_name": "Contract Name", "enterable": "Y", "required": "N", "default_value": "", "enabled": "Y", "include_in_template": "Y", "position": 700, "creation_date": "2023-04-16T09:48:56.111Z", "last_update_date": "2023-04-16T09:48:56.111Z"}}, {"model": "rate.templatestaticcolumn", "pk": 66, "fields": {"customer": 3, "rate_type": 8, "template_column_name": "Currency", "master_column_name": "Currency", "enterable": "Y", "required": "Y", "default_value": "USD", "enabled": "Y", "include_in_template": "Y", "position": 1000, "creation_date": "2023-04-16T09:48:56.163Z", "last_update_date": "2023-04-16T09:48:56.163Z"}}, {"model": "rate.templatestaticcolumn", "pk": 67, "fields": {"customer": 3, "rate_type": 8, "template_column_name": "End Date", "master_column_name": "End Date", "enterable": "Y", "required": "N", "default_value": "", "enabled": "Y", "include_in_template": "Y", "position": 900, "creation_date": "2023-04-16T09:48:56.215Z", "last_update_date": "2023-04-16T09:48:56.215Z"}}, {"model": "rate.templatestaticcolumn", "pk": 68, "fields": {"customer": 3, "rate_type": 8, "template_column_name": "Equipment", "master_column_name": "Equipment", "enterable": "Y", "required": "N", "default_value": "", "enabled": "Y", "include_in_template": "Y", "position": 300, "creation_date": "2023-04-16T09:48:56.271Z", "last_update_date": "2023-04-16T09:48:56.271Z"}}, {"model": "rate.templatestaticcolumn", "pk": 69, "fields": {"customer": 3, "rate_type": 8, "template_column_name": "Existing Contract", "master_column_name": "Existing Contract", "enterable": "Y", "required": "N", "default_value": "", "enabled": "Y", "include_in_template": "N", "position": 600, "creation_date": "2023-04-16T09:48:56.322Z", "last_update_date": "2023-04-16T09:48:56.322Z"}}, {"model": "rate.templatestaticcolumn", "pk": 70, "fields": {"customer": 3, "rate_type": 8, "template_column_name": "Min Charge", "master_column_name": "Min Charge", "enterable": "N", "required": "N", "default_value": "", "enabled": "Y", "include_in_template": "Y", "position": 1200, "creation_date": "2023-04-16T09:48:56.385Z", "last_update_date": "2023-04-16T09:48:56.385Z"}}, {"model": "rate.templatestaticcolumn", "pk": 71, "fields": {"customer": 3, "rate_type": 8, "template_column_name": "Service Provider", "master_column_name": "Service Provider", "enterable": "Y", "required": "Y", "default_value": "", "enabled": "Y", "include_in_template": "Y", "position": 100, "creation_date": "2023-04-16T09:48:56.439Z", "last_update_date": "2023-04-16T09:48:56.439Z"}}, {"model": "rate.templatestaticcolumn", "pk": 72, "fields": {"customer": 3, "rate_type": 8, "template_column_name": "Service Time Value", "master_column_name": "Service Time Value", "enterable": "N", "required": "N", "default_value": "", "enabled": "Y", "include_in_template": "Y", "position": 1100, "creation_date": "2023-04-16T09:48:56.504Z", "last_update_date": "2023-04-16T09:48:56.504Z"}}, {"model": "rate.templatestaticcolumn", "pk": 73, "fields": {"customer": 3, "rate_type": 8, "template_column_name": "Start Date", "master_column_name": "Start Date", "enterable": "Y", "required": "N", "default_value": "", "enabled": "Y", "include_in_template": "Y", "position": 800, "creation_date": "2023-04-16T09:48:56.558Z", "last_update_date": "2023-04-16T09:48:56.558Z"}}, {"model": "rate.templatestaticcolumn", "pk": 74, "fields": {"customer": 3, "rate_type": 8, "template_column_name": "Version", "master_column_name": "Version", "enterable": "N", "required": "N", "default_value": "", "enabled": "Y", "include_in_template": "Y", "position": 200, "creation_date": "2023-04-16T09:48:56.615Z", "last_update_date": "2023-04-16T09:48:56.615Z"}}, {"model": "rate.templatestaticcolumn", "pk": 75, "fields": {"customer": 3, "rate_type": 8, "template_column_name": "Volume", "master_column_name": "Volume", "enterable": "N", "required": "N", "default_value": "", "enabled": "Y", "include_in_template": "Y", "position": 1400, "creation_date": "2023-04-16T09:48:56.675Z", "last_update_date": "2023-04-16T09:48:56.675Z"}}, {"model": "rate.templatestaticcolumn", "pk": 76, "fields": {"customer": 3, "rate_type": 8, "template_column_name": "Volume UOM", "master_column_name": "Volume UOM", "enterable": "Y", "required": "N", "default_value": "", "enabled": "Y", "include_in_template": "Y", "position": 1300, "creation_date": "2023-04-16T09:48:56.735Z", "last_update_date": "2023-04-16T09:48:56.735Z"}}, {"model": "rate.templatedynamiccolumn", "pk": 1, "fields": {"customer": 1, "rate_type": 1, "parameter_name": "Source Geography", "enabled": "Y", "position": 400, "creation_date": "2023-04-07T09:36:03.217Z", "last_update_date": "2023-04-14T06:07:17.223Z"}}, {"model": "rate.templatedynamiccolumn", "pk": 2, "fields": {"customer": 1, "rate_type": 1, "parameter_name": "Destination Geography", "enabled": "Y", "position": 500, "creation_date": "2023-04-07T09:36:18.444Z", "last_update_date": "2023-04-14T06:07:21.583Z"}}, {"model": "rate.templatedynamiccolumn", "pk": 3, "fields": {"customer": 1, "rate_type": 2, "parameter_name": "Source Geography", "enabled": "Y", "position": 400, "creation_date": "2023-04-07T09:36:03.217Z", "last_update_date": "2023-04-14T06:07:17.223Z"}}, {"model": "rate.templatedynamiccolumn", "pk": 4, "fields": {"customer": 1, "rate_type": 2, "parameter_name": "Destination Geography", "enabled": "Y", "position": 500, "creation_date": "2023-04-07T09:36:18.444Z", "last_update_date": "2023-04-14T06:07:21.583Z"}}, {"model": "rate.templatedynamiccolumn", "pk": 5, "fields": {"customer": 1, "rate_type": 3, "parameter_name": "Source Geography", "enabled": "Y", "position": 400, "creation_date": "2023-04-07T09:36:03.217Z", "last_update_date": "2023-04-14T06:07:17.223Z"}}, {"model": "rate.templatedynamiccolumn", "pk": 6, "fields": {"customer": 1, "rate_type": 3, "parameter_name": "Destination Geography", "enabled": "Y", "position": 500, "creation_date": "2023-04-07T09:36:18.444Z", "last_update_date": "2023-04-14T06:07:21.583Z"}}, {"model": "rate.templatedynamiccolumn", "pk": 7, "fields": {"customer": 3, "rate_type": 6, "parameter_name": "Destination Geography", "enabled": "Y", "position": 500, "creation_date": "2023-04-16T09:48:53.587Z", "last_update_date": "2023-04-16T09:48:53.587Z"}}, {"model": "rate.templatedynamiccolumn", "pk": 8, "fields": {"customer": 3, "rate_type": 6, "parameter_name": "Source Geography", "enabled": "Y", "position": 400, "creation_date": "2023-04-16T09:48:53.969Z", "last_update_date": "2023-04-16T09:48:53.969Z"}}, {"model": "rate.templatedynamiccolumn", "pk": 9, "fields": {"customer": 3, "rate_type": 7, "parameter_name": "Destination Geography", "enabled": "Y", "position": 500, "creation_date": "2023-04-16T09:48:55.107Z", "last_update_date": "2023-04-16T09:48:55.107Z"}}, {"model": "rate.templatedynamiccolumn", "pk": 10, "fields": {"customer": 3, "rate_type": 7, "parameter_name": "Source Geography", "enabled": "Y", "position": 400, "creation_date": "2023-04-16T09:48:55.529Z", "last_update_date": "2023-04-16T09:48:55.529Z"}}, {"model": "rate.templatedynamiccolumn", "pk": 11, "fields": {"customer": 3, "rate_type": 8, "parameter_name": "Destination Geography", "enabled": "Y", "position": 500, "creation_date": "2023-04-16T09:48:56.792Z", "last_update_date": "2023-04-16T09:48:56.792Z"}}, {"model": "rate.templatedynamiccolumn", "pk": 12, "fields": {"customer": 3, "rate_type": 8, "parameter_name": "Source Geography", "enabled": "Y", "position": 400, "creation_date": "2023-04-16T09:48:57.216Z", "last_update_date": "2023-04-16T09:48:57.216Z"}}, {"model": "rate.templatedynamiccolumnvalue", "pk": 1, "fields": {"customer": 1, "rate_type": 1, "param": 1, "sequence": 10, "parameter_value": "City", "default_selected": "N", "template_column_names": "Source City", "master_column_names": "Source City", "enabled": "Y", "creation_date": "2023-04-11T12:34:06.224Z", "last_update_date": "2023-04-11T12:36:36.920Z"}}, {"model": "rate.templatedynamiccolumnvalue", "pk": 2, "fields": {"customer": 1, "rate_type": 1, "param": 1, "sequence": 20, "parameter_value": "City/Country", "default_selected": "N", "template_column_names": "Source City|Source Country", "master_column_names": "Source City|Source Country", "enabled": "Y", "creation_date": "2023-04-11T12:34:35.634Z", "last_update_date": "2023-04-11T12:34:35.634Z"}}, {"model": "rate.templatedynamiccolumnvalue", "pk": 3, "fields": {"customer": 1, "rate_type": 1, "param": 1, "sequence": 30, "parameter_value": "Country", "default_selected": "N", "template_column_names": "Source Country", "master_column_names": "Source Country", "enabled": "Y", "creation_date": "2023-04-11T12:34:54.913Z", "last_update_date": "2023-04-11T12:34:54.913Z"}}, {"model": "rate.templatedynamiccolumnvalue", "pk": 4, "fields": {"customer": 1, "rate_type": 1, "param": 1, "sequence": 40, "parameter_value": "Location", "default_selected": "N", "template_column_names": "Source Location", "master_column_names": "Source Location", "enabled": "Y", "creation_date": "2023-04-11T12:35:24.214Z", "last_update_date": "2023-04-11T12:35:24.214Z"}}, {"model": "rate.templatedynamiccolumnvalue", "pk": 5, "fields": {"customer": 1, "rate_type": 1, "param": 1, "sequence": 50, "parameter_value": "Postal Code", "default_selected": "N", "template_column_names": "Source Postal Code", "master_column_names": "Source Postal Code", "enabled": "Y", "creation_date": "2023-04-11T12:35:56.064Z", "last_update_date": "2023-04-11T12:35:56.064Z"}}, {"model": "rate.templatedynamiccolumnvalue", "pk": 6, "fields": {"customer": 1, "rate_type": 1, "param": 1, "sequence": 60, "parameter_value": "State/Province", "default_selected": "N", "template_column_names": "Source State|Source Province", "master_column_names": "Source State|Source Province", "enabled": "Y", "creation_date": "2023-04-11T12:36:22.007Z", "last_update_date": "2023-04-11T12:36:22.007Z"}}, {"model": "rate.templatedynamiccolumnvalue", "pk": 7, "fields": {"customer": 1, "rate_type": 1, "param": 2, "sequence": 10, "parameter_value": "City", "default_selected": "N", "template_column_names": "Destination City", "master_column_names": "Destination City", "enabled": "Y", "creation_date": "2023-04-11T12:37:26.936Z", "last_update_date": "2023-04-11T12:37:26.936Z"}}, {"model": "rate.templatedynamiccolumnvalue", "pk": 8, "fields": {"customer": 1, "rate_type": 1, "param": 2, "sequence": 20, "parameter_value": "City/Country", "default_selected": "N", "template_column_names": "Destination City|Destination Country", "master_column_names": "Destination City|Destination Country", "enabled": "Y", "creation_date": "2023-04-11T12:37:58.725Z", "last_update_date": "2023-04-11T12:37:58.725Z"}}, {"model": "rate.templatedynamiccolumnvalue", "pk": 9, "fields": {"customer": 1, "rate_type": 1, "param": 2, "sequence": 30, "parameter_value": "Country", "default_selected": "N", "template_column_names": "Destination Country", "master_column_names": "Destination Country", "enabled": "Y", "creation_date": "2023-04-11T12:38:17.099Z", "last_update_date": "2023-04-11T12:38:17.099Z"}}, {"model": "rate.templatedynamiccolumnvalue", "pk": 10, "fields": {"customer": 1, "rate_type": 1, "param": 2, "sequence": 40, "parameter_value": "Location", "default_selected": "N", "template_column_names": "Destination Location", "master_column_names": "Destination Location", "enabled": "Y", "creation_date": "2023-04-11T12:38:36.127Z", "last_update_date": "2023-04-11T12:38:36.127Z"}}, {"model": "rate.templatedynamiccolumnvalue", "pk": 11, "fields": {"customer": 1, "rate_type": 1, "param": 2, "sequence": 50, "parameter_value": "Postal Code", "default_selected": "N", "template_column_names": "Destination Postal Code", "master_column_names": "Destination Postal Code", "enabled": "Y", "creation_date": "2023-04-11T12:39:04.975Z", "last_update_date": "2023-04-11T12:39:04.975Z"}}, {"model": "rate.templatedynamiccolumnvalue", "pk": 12, "fields": {"customer": 1, "rate_type": 1, "param": 2, "sequence": 60, "parameter_value": "State/Province", "default_selected": "N", "template_column_names": "Destination State|Destination Province", "master_column_names": "Destination State|Destination Province", "enabled": "Y", "creation_date": "2023-04-11T12:39:46.552Z", "last_update_date": "2023-04-11T12:39:46.552Z"}}, {"model": "rate.templatedynamiccolumnvalue", "pk": 13, "fields": {"customer": 1, "rate_type": 2, "param": 3, "sequence": 10, "parameter_value": "City", "default_selected": "N", "template_column_names": "Source City", "master_column_names": "Source City", "enabled": "Y", "creation_date": "2023-04-11T12:34:06.224Z", "last_update_date": "2023-04-11T12:36:36.920Z"}}, {"model": "rate.templatedynamiccolumnvalue", "pk": 14, "fields": {"customer": 1, "rate_type": 2, "param": 3, "sequence": 20, "parameter_value": "City/Country", "default_selected": "N", "template_column_names": "Source City|Source Country", "master_column_names": "Source City|Source Country", "enabled": "Y", "creation_date": "2023-04-11T12:34:35.634Z", "last_update_date": "2023-04-11T12:34:35.634Z"}}, {"model": "rate.templatedynamiccolumnvalue", "pk": 15, "fields": {"customer": 1, "rate_type": 2, "param": 3, "sequence": 30, "parameter_value": "Country", "default_selected": "N", "template_column_names": "Source Country", "master_column_names": "Source Country", "enabled": "Y", "creation_date": "2023-04-11T12:34:54.913Z", "last_update_date": "2023-04-11T12:34:54.913Z"}}, {"model": "rate.templatedynamiccolumnvalue", "pk": 16, "fields": {"customer": 1, "rate_type": 2, "param": 3, "sequence": 40, "parameter_value": "Location", "default_selected": "N", "template_column_names": "Source Location", "master_column_names": "Source Location", "enabled": "Y", "creation_date": "2023-04-11T12:35:24.214Z", "last_update_date": "2023-04-11T12:35:24.214Z"}}, {"model": "rate.templatedynamiccolumnvalue", "pk": 17, "fields": {"customer": 1, "rate_type": 2, "param": 3, "sequence": 50, "parameter_value": "Postal Code", "default_selected": "N", "template_column_names": "Source Postal Code", "master_column_names": "Source Postal Code", "enabled": "Y", "creation_date": "2023-04-11T12:35:56.064Z", "last_update_date": "2023-04-11T12:35:56.064Z"}}, {"model": "rate.templatedynamiccolumnvalue", "pk": 18, "fields": {"customer": 1, "rate_type": 2, "param": 3, "sequence": 60, "parameter_value": "State/Province", "default_selected": "N", "template_column_names": "Source State|Source Province", "master_column_names": "Source State|Source Province", "enabled": "Y", "creation_date": "2023-04-11T12:36:22.007Z", "last_update_date": "2023-04-11T12:36:22.007Z"}}, {"model": "rate.templatedynamiccolumnvalue", "pk": 19, "fields": {"customer": 1, "rate_type": 2, "param": 4, "sequence": 10, "parameter_value": "City", "default_selected": "N", "template_column_names": "Destination City", "master_column_names": "Destination City", "enabled": "Y", "creation_date": "2023-04-11T12:37:26.936Z", "last_update_date": "2023-04-11T12:37:26.936Z"}}, {"model": "rate.templatedynamiccolumnvalue", "pk": 20, "fields": {"customer": 1, "rate_type": 2, "param": 4, "sequence": 20, "parameter_value": "City/Country", "default_selected": "N", "template_column_names": "Destination City|Destination Country", "master_column_names": "Destination City|Destination Country", "enabled": "Y", "creation_date": "2023-04-11T12:37:58.725Z", "last_update_date": "2023-04-11T12:37:58.725Z"}}, {"model": "rate.templatedynamiccolumnvalue", "pk": 21, "fields": {"customer": 1, "rate_type": 2, "param": 4, "sequence": 30, "parameter_value": "Country", "default_selected": "N", "template_column_names": "Destination Country", "master_column_names": "Destination Country", "enabled": "Y", "creation_date": "2023-04-11T12:38:17.099Z", "last_update_date": "2023-04-11T12:38:17.099Z"}}, {"model": "rate.templatedynamiccolumnvalue", "pk": 22, "fields": {"customer": 1, "rate_type": 2, "param": 4, "sequence": 40, "parameter_value": "Location", "default_selected": "N", "template_column_names": "Destination Location", "master_column_names": "Destination Location", "enabled": "Y", "creation_date": "2023-04-11T12:38:36.127Z", "last_update_date": "2023-04-11T12:38:36.127Z"}}, {"model": "rate.templatedynamiccolumnvalue", "pk": 23, "fields": {"customer": 1, "rate_type": 2, "param": 4, "sequence": 50, "parameter_value": "Postal Code", "default_selected": "N", "template_column_names": "Destination Postal Code", "master_column_names": "Destination Postal Code", "enabled": "Y", "creation_date": "2023-04-11T12:39:04.975Z", "last_update_date": "2023-04-11T12:39:04.975Z"}}, {"model": "rate.templatedynamiccolumnvalue", "pk": 24, "fields": {"customer": 1, "rate_type": 2, "param": 4, "sequence": 60, "parameter_value": "State/Province", "default_selected": "N", "template_column_names": "Destination State|Destination Province", "master_column_names": "Destination State|Destination Province", "enabled": "Y", "creation_date": "2023-04-11T12:39:46.552Z", "last_update_date": "2023-04-11T12:39:46.552Z"}}, {"model": "rate.templatedynamiccolumnvalue", "pk": 25, "fields": {"customer": 1, "rate_type": 3, "param": 5, "sequence": 10, "parameter_value": "City", "default_selected": "N", "template_column_names": "Source City", "master_column_names": "Source City", "enabled": "Y", "creation_date": "2023-04-11T12:34:06.224Z", "last_update_date": "2023-04-11T12:36:36.920Z"}}, {"model": "rate.templatedynamiccolumnvalue", "pk": 26, "fields": {"customer": 1, "rate_type": 3, "param": 5, "sequence": 20, "parameter_value": "City/Country", "default_selected": "N", "template_column_names": "Source City|Source Country", "master_column_names": "Source City|Source Country", "enabled": "Y", "creation_date": "2023-04-11T12:34:35.634Z", "last_update_date": "2023-04-11T12:34:35.634Z"}}, {"model": "rate.templatedynamiccolumnvalue", "pk": 27, "fields": {"customer": 1, "rate_type": 3, "param": 5, "sequence": 30, "parameter_value": "Country", "default_selected": "N", "template_column_names": "Source Country", "master_column_names": "Source Country", "enabled": "Y", "creation_date": "2023-04-11T12:34:54.913Z", "last_update_date": "2023-04-11T12:34:54.913Z"}}, {"model": "rate.templatedynamiccolumnvalue", "pk": 28, "fields": {"customer": 1, "rate_type": 3, "param": 5, "sequence": 40, "parameter_value": "Location", "default_selected": "N", "template_column_names": "Source Location", "master_column_names": "Source Location", "enabled": "Y", "creation_date": "2023-04-11T12:35:24.214Z", "last_update_date": "2023-04-11T12:35:24.214Z"}}, {"model": "rate.templatedynamiccolumnvalue", "pk": 29, "fields": {"customer": 1, "rate_type": 3, "param": 5, "sequence": 50, "parameter_value": "Postal Code", "default_selected": "N", "template_column_names": "Source Postal Code", "master_column_names": "Source Postal Code", "enabled": "Y", "creation_date": "2023-04-11T12:35:56.064Z", "last_update_date": "2023-04-11T12:35:56.064Z"}}, {"model": "rate.templatedynamiccolumnvalue", "pk": 30, "fields": {"customer": 1, "rate_type": 3, "param": 5, "sequence": 60, "parameter_value": "State/Province", "default_selected": "N", "template_column_names": "Source State|Source Province", "master_column_names": "Source State|Source Province", "enabled": "Y", "creation_date": "2023-04-11T12:36:22.007Z", "last_update_date": "2023-04-11T12:36:22.007Z"}}, {"model": "rate.templatedynamiccolumnvalue", "pk": 31, "fields": {"customer": 1, "rate_type": 3, "param": 6, "sequence": 10, "parameter_value": "City", "default_selected": "N", "template_column_names": "Destination City", "master_column_names": "Destination City", "enabled": "Y", "creation_date": "2023-04-11T12:37:26.936Z", "last_update_date": "2023-04-11T12:37:26.936Z"}}, {"model": "rate.templatedynamiccolumnvalue", "pk": 32, "fields": {"customer": 1, "rate_type": 3, "param": 6, "sequence": 20, "parameter_value": "City/Country", "default_selected": "N", "template_column_names": "Destination City|Destination Country", "master_column_names": "Destination City|Destination Country", "enabled": "Y", "creation_date": "2023-04-11T12:37:58.725Z", "last_update_date": "2023-04-11T12:37:58.725Z"}}, {"model": "rate.templatedynamiccolumnvalue", "pk": 33, "fields": {"customer": 1, "rate_type": 3, "param": 6, "sequence": 30, "parameter_value": "Country", "default_selected": "N", "template_column_names": "Destination Country", "master_column_names": "Destination Country", "enabled": "Y", "creation_date": "2023-04-11T12:38:17.099Z", "last_update_date": "2023-04-11T12:38:17.099Z"}}, {"model": "rate.templatedynamiccolumnvalue", "pk": 34, "fields": {"customer": 1, "rate_type": 3, "param": 6, "sequence": 40, "parameter_value": "Location", "default_selected": "N", "template_column_names": "Destination Location", "master_column_names": "Destination Location", "enabled": "Y", "creation_date": "2023-04-11T12:38:36.127Z", "last_update_date": "2023-04-11T12:38:36.127Z"}}, {"model": "rate.templatedynamiccolumnvalue", "pk": 35, "fields": {"customer": 1, "rate_type": 3, "param": 6, "sequence": 50, "parameter_value": "Postal Code", "default_selected": "N", "template_column_names": "Destination Postal Code", "master_column_names": "Destination Postal Code", "enabled": "Y", "creation_date": "2023-04-11T12:39:04.975Z", "last_update_date": "2023-04-11T12:39:04.975Z"}}, {"model": "rate.templatedynamiccolumnvalue", "pk": 36, "fields": {"customer": 1, "rate_type": 3, "param": 6, "sequence": 60, "parameter_value": "State/Province", "default_selected": "N", "template_column_names": "Destination State|Destination Province", "master_column_names": "Destination State|Destination Province", "enabled": "Y", "creation_date": "2023-04-11T12:39:46.552Z", "last_update_date": "2023-04-11T12:39:46.552Z"}}, {"model": "rate.templatedynamiccolumnvalue", "pk": 37, "fields": {"customer": 3, "rate_type": 6, "param": 7, "sequence": 10, "parameter_value": "City", "default_selected": "N", "template_column_names": "Destination City", "master_column_names": "Destination City", "enabled": "Y", "creation_date": "2023-04-16T09:48:53.660Z", "last_update_date": "2023-04-16T09:48:53.660Z"}}, {"model": "rate.templatedynamiccolumnvalue", "pk": 38, "fields": {"customer": 3, "rate_type": 6, "param": 7, "sequence": 20, "parameter_value": "City/Country", "default_selected": "N", "template_column_names": "Destination City|Destination Country", "master_column_names": "Destination City|Destination Country", "enabled": "Y", "creation_date": "2023-04-16T09:48:53.714Z", "last_update_date": "2023-04-16T09:48:53.714Z"}}, {"model": "rate.templatedynamiccolumnvalue", "pk": 39, "fields": {"customer": 3, "rate_type": 6, "param": 7, "sequence": 30, "parameter_value": "Country", "default_selected": "N", "template_column_names": "Destination Country", "master_column_names": "Destination Country", "enabled": "Y", "creation_date": "2023-04-16T09:48:53.769Z", "last_update_date": "2023-04-16T09:48:53.769Z"}}, {"model": "rate.templatedynamiccolumnvalue", "pk": 40, "fields": {"customer": 3, "rate_type": 6, "param": 7, "sequence": 40, "parameter_value": "Location", "default_selected": "N", "template_column_names": "Destination Location", "master_column_names": "Destination Location", "enabled": "Y", "creation_date": "2023-04-16T09:48:53.824Z", "last_update_date": "2023-04-16T09:48:53.824Z"}}, {"model": "rate.templatedynamiccolumnvalue", "pk": 41, "fields": {"customer": 3, "rate_type": 6, "param": 7, "sequence": 50, "parameter_value": "Postal Code", "default_selected": "N", "template_column_names": "Destination Postal Code", "master_column_names": "Destination Postal Code", "enabled": "Y", "creation_date": "2023-04-16T09:48:53.871Z", "last_update_date": "2023-04-16T09:48:53.871Z"}}, {"model": "rate.templatedynamiccolumnvalue", "pk": 42, "fields": {"customer": 3, "rate_type": 6, "param": 7, "sequence": 60, "parameter_value": "State/Province", "default_selected": "N", "template_column_names": "Destination State|Destination Province", "master_column_names": "Destination State|Destination Province", "enabled": "Y", "creation_date": "2023-04-16T09:48:53.922Z", "last_update_date": "2023-04-16T09:48:53.922Z"}}, {"model": "rate.templatedynamiccolumnvalue", "pk": 43, "fields": {"customer": 3, "rate_type": 6, "param": 8, "sequence": 10, "parameter_value": "City", "default_selected": "N", "template_column_names": "Source City", "master_column_names": "Source City", "enabled": "Y", "creation_date": "2023-04-16T09:48:54.033Z", "last_update_date": "2023-04-16T09:48:54.033Z"}}, {"model": "rate.templatedynamiccolumnvalue", "pk": 44, "fields": {"customer": 3, "rate_type": 6, "param": 8, "sequence": 20, "parameter_value": "City/Country", "default_selected": "N", "template_column_names": "Source City|Source Country", "master_column_names": "Source City|Source Country", "enabled": "Y", "creation_date": "2023-04-16T09:48:54.091Z", "last_update_date": "2023-04-16T09:48:54.091Z"}}, {"model": "rate.templatedynamiccolumnvalue", "pk": 45, "fields": {"customer": 3, "rate_type": 6, "param": 8, "sequence": 30, "parameter_value": "Country", "default_selected": "N", "template_column_names": "Source Country", "master_column_names": "Source Country", "enabled": "Y", "creation_date": "2023-04-16T09:48:54.157Z", "last_update_date": "2023-04-16T09:48:54.157Z"}}, {"model": "rate.templatedynamiccolumnvalue", "pk": 46, "fields": {"customer": 3, "rate_type": 6, "param": 8, "sequence": 40, "parameter_value": "Location", "default_selected": "N", "template_column_names": "Source Location", "master_column_names": "Source Location", "enabled": "Y", "creation_date": "2023-04-16T09:48:54.216Z", "last_update_date": "2023-04-16T09:48:54.216Z"}}, {"model": "rate.templatedynamiccolumnvalue", "pk": 47, "fields": {"customer": 3, "rate_type": 6, "param": 8, "sequence": 50, "parameter_value": "Postal Code", "default_selected": "N", "template_column_names": "Source Postal Code", "master_column_names": "Source Postal Code", "enabled": "Y", "creation_date": "2023-04-16T09:48:54.286Z", "last_update_date": "2023-04-16T09:48:54.286Z"}}, {"model": "rate.templatedynamiccolumnvalue", "pk": 48, "fields": {"customer": 3, "rate_type": 6, "param": 8, "sequence": 60, "parameter_value": "State/Province", "default_selected": "N", "template_column_names": "Source State|Source Province", "master_column_names": "Source State|Source Province", "enabled": "Y", "creation_date": "2023-04-16T09:48:54.354Z", "last_update_date": "2023-04-16T09:48:54.354Z"}}, {"model": "rate.templatedynamiccolumnvalue", "pk": 49, "fields": {"customer": 3, "rate_type": 7, "param": 9, "sequence": 10, "parameter_value": "City", "default_selected": "N", "template_column_names": "Destination City", "master_column_names": "Destination City", "enabled": "Y", "creation_date": "2023-04-16T09:48:55.166Z", "last_update_date": "2023-04-16T09:48:55.166Z"}}, {"model": "rate.templatedynamiccolumnvalue", "pk": 50, "fields": {"customer": 3, "rate_type": 7, "param": 9, "sequence": 20, "parameter_value": "City/Country", "default_selected": "N", "template_column_names": "Destination City|Destination Country", "master_column_names": "Destination City|Destination Country", "enabled": "Y", "creation_date": "2023-04-16T09:48:55.224Z", "last_update_date": "2023-04-16T09:48:55.224Z"}}, {"model": "rate.templatedynamiccolumnvalue", "pk": 51, "fields": {"customer": 3, "rate_type": 7, "param": 9, "sequence": 30, "parameter_value": "Country", "default_selected": "N", "template_column_names": "Destination Country", "master_column_names": "Destination Country", "enabled": "Y", "creation_date": "2023-04-16T09:48:55.281Z", "last_update_date": "2023-04-16T09:48:55.281Z"}}, {"model": "rate.templatedynamiccolumnvalue", "pk": 52, "fields": {"customer": 3, "rate_type": 7, "param": 9, "sequence": 40, "parameter_value": "Location", "default_selected": "N", "template_column_names": "Destination Location", "master_column_names": "Destination Location", "enabled": "Y", "creation_date": "2023-04-16T09:48:55.360Z", "last_update_date": "2023-04-16T09:48:55.360Z"}}, {"model": "rate.templatedynamiccolumnvalue", "pk": 53, "fields": {"customer": 3, "rate_type": 7, "param": 9, "sequence": 50, "parameter_value": "Postal Code", "default_selected": "N", "template_column_names": "Destination Postal Code", "master_column_names": "Destination Postal Code", "enabled": "Y", "creation_date": "2023-04-16T09:48:55.421Z", "last_update_date": "2023-04-16T09:48:55.421Z"}}, {"model": "rate.templatedynamiccolumnvalue", "pk": 54, "fields": {"customer": 3, "rate_type": 7, "param": 9, "sequence": 60, "parameter_value": "State/Province", "default_selected": "N", "template_column_names": "Destination State|Destination Province", "master_column_names": "Destination State|Destination Province", "enabled": "Y", "creation_date": "2023-04-16T09:48:55.474Z", "last_update_date": "2023-04-16T09:48:55.474Z"}}, {"model": "rate.templatedynamiccolumnvalue", "pk": 55, "fields": {"customer": 3, "rate_type": 7, "param": 10, "sequence": 10, "parameter_value": "City", "default_selected": "N", "template_column_names": "Source City", "master_column_names": "Source City", "enabled": "Y", "creation_date": "2023-04-16T09:48:55.583Z", "last_update_date": "2023-04-16T09:48:55.584Z"}}, {"model": "rate.templatedynamiccolumnvalue", "pk": 56, "fields": {"customer": 3, "rate_type": 7, "param": 10, "sequence": 20, "parameter_value": "City/Country", "default_selected": "N", "template_column_names": "Source City|Source Country", "master_column_names": "Source City|Source Country", "enabled": "Y", "creation_date": "2023-04-16T09:48:55.640Z", "last_update_date": "2023-04-16T09:48:55.640Z"}}, {"model": "rate.templatedynamiccolumnvalue", "pk": 57, "fields": {"customer": 3, "rate_type": 7, "param": 10, "sequence": 30, "parameter_value": "Country", "default_selected": "N", "template_column_names": "Source Country", "master_column_names": "Source Country", "enabled": "Y", "creation_date": "2023-04-16T09:48:55.695Z", "last_update_date": "2023-04-16T09:48:55.695Z"}}, {"model": "rate.templatedynamiccolumnvalue", "pk": 58, "fields": {"customer": 3, "rate_type": 7, "param": 10, "sequence": 40, "parameter_value": "Location", "default_selected": "N", "template_column_names": "Source Location", "master_column_names": "Source Location", "enabled": "Y", "creation_date": "2023-04-16T09:48:55.770Z", "last_update_date": "2023-04-16T09:48:55.770Z"}}, {"model": "rate.templatedynamiccolumnvalue", "pk": 59, "fields": {"customer": 3, "rate_type": 7, "param": 10, "sequence": 50, "parameter_value": "Postal Code", "default_selected": "N", "template_column_names": "Source Postal Code", "master_column_names": "Source Postal Code", "enabled": "Y", "creation_date": "2023-04-16T09:48:55.832Z", "last_update_date": "2023-04-16T09:48:55.832Z"}}, {"model": "rate.templatedynamiccolumnvalue", "pk": 60, "fields": {"customer": 3, "rate_type": 7, "param": 10, "sequence": 60, "parameter_value": "State/Province", "default_selected": "N", "template_column_names": "Source State|Source Province", "master_column_names": "Source State|Source Province", "enabled": "Y", "creation_date": "2023-04-16T09:48:55.895Z", "last_update_date": "2023-04-16T09:48:55.895Z"}}, {"model": "rate.templatedynamiccolumnvalue", "pk": 61, "fields": {"customer": 3, "rate_type": 8, "param": 11, "sequence": 10, "parameter_value": "City", "default_selected": "N", "template_column_names": "Destination City", "master_column_names": "Destination City", "enabled": "Y", "creation_date": "2023-04-16T09:48:56.851Z", "last_update_date": "2023-04-16T09:48:56.851Z"}}, {"model": "rate.templatedynamiccolumnvalue", "pk": 62, "fields": {"customer": 3, "rate_type": 8, "param": 11, "sequence": 20, "parameter_value": "City/Country", "default_selected": "N", "template_column_names": "Destination City|Destination Country", "master_column_names": "Destination City|Destination Country", "enabled": "Y", "creation_date": "2023-04-16T09:48:56.916Z", "last_update_date": "2023-04-16T09:48:56.917Z"}}, {"model": "rate.templatedynamiccolumnvalue", "pk": 63, "fields": {"customer": 3, "rate_type": 8, "param": 11, "sequence": 30, "parameter_value": "Country", "default_selected": "N", "template_column_names": "Destination Country", "master_column_names": "Destination Country", "enabled": "Y", "creation_date": "2023-04-16T09:48:56.972Z", "last_update_date": "2023-04-16T09:48:56.973Z"}}, {"model": "rate.templatedynamiccolumnvalue", "pk": 64, "fields": {"customer": 3, "rate_type": 8, "param": 11, "sequence": 40, "parameter_value": "Location", "default_selected": "N", "template_column_names": "Destination Location", "master_column_names": "Destination Location", "enabled": "Y", "creation_date": "2023-04-16T09:48:57.040Z", "last_update_date": "2023-04-16T09:48:57.040Z"}}, {"model": "rate.templatedynamiccolumnvalue", "pk": 65, "fields": {"customer": 3, "rate_type": 8, "param": 11, "sequence": 50, "parameter_value": "Postal Code", "default_selected": "N", "template_column_names": "Destination Postal Code", "master_column_names": "Destination Postal Code", "enabled": "Y", "creation_date": "2023-04-16T09:48:57.098Z", "last_update_date": "2023-04-16T09:48:57.098Z"}}, {"model": "rate.templatedynamiccolumnvalue", "pk": 66, "fields": {"customer": 3, "rate_type": 8, "param": 11, "sequence": 60, "parameter_value": "State/Province", "default_selected": "N", "template_column_names": "Destination State|Destination Province", "master_column_names": "Destination State|Destination Province", "enabled": "Y", "creation_date": "2023-04-16T09:48:57.159Z", "last_update_date": "2023-04-16T09:48:57.159Z"}}, {"model": "rate.templatedynamiccolumnvalue", "pk": 67, "fields": {"customer": 3, "rate_type": 8, "param": 12, "sequence": 10, "parameter_value": "City", "default_selected": "N", "template_column_names": "Source City", "master_column_names": "Source City", "enabled": "Y", "creation_date": "2023-04-16T09:48:57.282Z", "last_update_date": "2023-04-16T09:48:57.282Z"}}, {"model": "rate.templatedynamiccolumnvalue", "pk": 68, "fields": {"customer": 3, "rate_type": 8, "param": 12, "sequence": 20, "parameter_value": "City/Country", "default_selected": "N", "template_column_names": "Source City|Source Country", "master_column_names": "Source City|Source Country", "enabled": "Y", "creation_date": "2023-04-16T09:48:57.346Z", "last_update_date": "2023-04-16T09:48:57.346Z"}}, {"model": "rate.templatedynamiccolumnvalue", "pk": 69, "fields": {"customer": 3, "rate_type": 8, "param": 12, "sequence": 30, "parameter_value": "Country", "default_selected": "N", "template_column_names": "Source Country", "master_column_names": "Source Country", "enabled": "Y", "creation_date": "2023-04-16T09:48:57.407Z", "last_update_date": "2023-04-16T09:48:57.407Z"}}, {"model": "rate.templatedynamiccolumnvalue", "pk": 70, "fields": {"customer": 3, "rate_type": 8, "param": 12, "sequence": 40, "parameter_value": "Location", "default_selected": "N", "template_column_names": "Source Location", "master_column_names": "Source Location", "enabled": "Y", "creation_date": "2023-04-16T09:48:57.455Z", "last_update_date": "2023-04-16T09:48:57.455Z"}}, {"model": "rate.templatedynamiccolumnvalue", "pk": 71, "fields": {"customer": 3, "rate_type": 8, "param": 12, "sequence": 50, "parameter_value": "Postal Code", "default_selected": "N", "template_column_names": "Source Postal Code", "master_column_names": "Source Postal Code", "enabled": "Y", "creation_date": "2023-04-16T09:48:57.517Z", "last_update_date": "2023-04-16T09:48:57.517Z"}}, {"model": "rate.templatedynamiccolumnvalue", "pk": 72, "fields": {"customer": 3, "rate_type": 8, "param": 12, "sequence": 60, "parameter_value": "State/Province", "default_selected": "N", "template_column_names": "Source State|Source Province", "master_column_names": "Source State|Source Province", "enabled": "Y", "creation_date": "2023-04-16T09:48:57.582Z", "last_update_date": "2023-04-16T09:48:57.582Z"}}, {"model": "rate.allowedfunctioninexpression", "pk": 1, "fields": {"function_name": "STR", "enabled": "Y"}}, {"model": "rate.allowedfunctioninexpression", "pk": 2, "fields": {"function_name": "SLICE", "enabled": "Y"}}, {"model": "rate.volumeuom", "pk": 1, "fields": {"uom_code": "Cubic Metre"}}, {"model": "rate.volumeuom", "pk": 2, "fields": {"uom_code": "Barrel"}}, {"model": "rate.volumeuom", "pk": 3, "fields": {"uom_code": "Cubic Foot"}}, {"model": "rate.volumeuom", "pk": 4, "fields": {"uom_code": "Litre"}}, {"model": "rate.volumeuom", "pk": 5, "fields": {"uom_code": "Gallon"}}]
